"task_id","task_type","model_name","evaluator","Fluency","Coherence","Conciseness","Accuracy","Constructiveness","Final","Motivational","Sentiment"
"C15","Interpret","DeepSeek-R1-0528","c2_1MvZlrwcu4aSb7Jf6RSt","0","1","0.666666666666666","0.666666666666666","0","1","0.666666666666666","0.666666666666666"
"C15","Interpret","Qwen3-235B-A22B-2507","c2_1MvZlrwcu4aSb7Jf6RSt","0.333333333333333","0.666666666666666","0","1","1","0","0","0"
"C15","Interpret","gemini-2.5-flash","c2_1MvZlrwcu4aSb7Jf6RSt","1","0","0.333333333333333","0.333333333333333","0.666666666666666","0.333333333333333","0.333333333333333","0.333333333333333"
"C15","Interpret","gemini-2.5-pro","c2_1MvZlrwcu4aSb7Jf6RSt","0.666666666666666","0.333333333333333","1","0","0.333333333333333","0.666666666666666","1","1"
"C18","Interpret","DeepSeek-R1-0528","c2_1MvZlrwcu4aSb7Jf6RSt","0.666666666666666","0.666666666666666","0.666666666666666","1","1","0.666666666666666","1","1"
"C18","Interpret","Qwen3-235B-A22B-2507","c2_1MvZlrwcu4aSb7Jf6RSt","0.333333333333333","0.333333333333333","0.333333333333333","0.666666666666666","0","0.333333333333333","0.333333333333333","0.333333333333333"
"C18","Interpret","gemini-2.5-flash","c2_1MvZlrwcu4aSb7Jf6RSt","0","0","0","0","0.333333333333333","0","0","0"
"C18","Interpret","gemini-2.5-pro","c2_1MvZlrwcu4aSb7Jf6RSt","1","1","1","0.333333333333333","0.666666666666666","1","0.666666666666666","0.666666666666666"