task_id,task_type,model_name,evaluator,Fluency,Coherence,Conciseness,Accuracy,Constructiveness,Final,Motivational,Sentiment
C15,Interpret,DeepSeek-R1-0528,c2_1MvZlrwcu4aSb7Jf6RSt,0.0,1.0,0.6666666666666667,0.6666666666666667,0.0,1.0,0.6666666666666667,0.6666666666666667
C15,Interpret,Qwen3-235B-A22B-2507,c2_1MvZlrwcu4aSb7Jf6RSt,0.33333333333333337,0.6666666666666667,0.0,1.0,1.0,0.0,0.0,0.0
C15,Interpret,gemini-2.5-flash,c2_1MvZlrwcu4aSb7Jf6RSt,1.0,0.0,0.33333333333333337,0.33333333333333337,0.6666666666666667,0.33333333333333337,0.33333333333333337,0.33333333333333337
C15,Interpret,gemini-2.5-pro,c2_1MvZlrwcu4aSb7Jf6RSt,0.6666666666666667,0.33333333333333337,1.0,0.0,0.33333333333333337,0.6666666666666667,1.0,1.0
C18,Interpret,DeepSeek-R1-0528,c2_1MvZlrwcu4aSb7Jf6RSt,0.6666666666666667,0.6666666666666667,0.6666666666666667,1.0,1.0,0.6666666666666667,1.0,1.0
C18,Interpret,Qwen3-235B-A22B-2507,c2_1MvZlrwcu4aSb7Jf6RSt,0.33333333333333337,0.33333333333333337,0.33333333333333337,0.6666666666666667,0.0,0.33333333333333337,0.33333333333333337,0.33333333333333337
C18,Interpret,gemini-2.5-flash,c2_1MvZlrwcu4aSb7Jf6RSt,0.0,0.0,0.0,0.0,0.33333333333333337,0.0,0.0,0.0
C18,Interpret,gemini-2.5-pro,c2_1MvZlrwcu4aSb7Jf6RSt,1.0,1.0,1.0,0.33333333333333337,0.6666666666666667,1.0,0.6666666666666667,0.6666666666666667
