"Model","word_count","token_count","bleu_1","bleu_2","bleu_3","bleu_4","rouge_l_precision","rouge_l_recall","rouge_l_f1","lexical_diversity","length_ratio","distinct_1","distinct_2","bert_precision","bert_recall","bert_f1"
"DeepSeek","37.266666666666666","37.266666666666666","0.08608723866230748","0.0252452973839671","0.011632857136857017","0.007941786109096604","0.3543254841867684","0.3033970305583188","0.2408672727997829","0.910984608804743","1.4812986921246072","0.910984608804743","0.9933718991036063","0.8743828137715658","0.8806107680002848","0.8771849274635315"
"Flash","52.63333333333333","52.63333333333333","0.12575985354184","0.04624540556470099","0.023333580031254877","0.012757106607927027","0.2480774708806","0.2915297499704942","0.21502531171288","0.8843657162069846","1.9352386825589742","0.8843657162069846","0.9983247030155346","0.885308055082957","0.8908911963303884","0.8878121912479401"
"Gemini","33.7","33.7","0.1359867371150841","0.05960387429101341","0.029080787630351806","0.014576736389248557","0.3130474697785939","0.315333032527514","0.2663709975465694","0.8962865093922671","1.2158961948898366","0.8962865093922671","0.9968253968253968","0.898674362897873","0.895316219329834","0.8967773934205373"
"Qwen","54.36666666666667","54.36666666666667","0.19834778706446685","0.10015822560831321","0.050140067551281114","0.02432601867440641","0.28932534115080605","0.38881451699401615","0.28979940451862696","0.8849186362946043","1.680474607209661","0.8849186362946043","0.9970085470085469","0.8912135283152263","0.9087400039037069","0.8996007601420085"