"Model","word_count","token_count","bleu_1","bleu_2","bleu_3","bleu_4","rouge_l_precision","rouge_l_recall","rouge_l_f1","lexical_diversity","length_ratio","distinct_1","distinct_2","bert_precision","bert_recall","bert_f1"
"DeepSeek","35.86666666666667","35.86666666666667","0.10864200377940539","0.05486107659373405","0.02463887961587128","0.012107075661265366","0.40062375267159733","0.3309798059541244","0.28363067476331244","0.9382243668006579","1.4208946234425655","0.9382243668006579","1.0","0.8820831656455994","0.8853383262952169","0.8834567030270895"
"Flash","48.5","48.5","0.1436126544620511","0.04789564466048662","0.02288101135271224","0.011094871469905471","0.27798100704952355","0.3075113095818043","0.24163035492978102","0.8842641086058943","1.8041322543825162","0.8842641086058943","0.9977815315315315","0.8834860265254975","0.888604211807251","0.8857817192872365"
"Gemini","33.36666666666667","33.36666666666667","0.1803604969799443","0.09096239830610851","0.061808917076682054","0.04852562526803049","0.34285932001761854","0.33734695869016357","0.30043779423149275","0.8899752067178105","1.2453493476951043","0.8899752067178105","0.9926415315950199","0.9026977817217509","0.8969989697138468","0.8996316889921824"
"Qwen","53.56666666666667","53.56666666666667","0.19651681907045254","0.0959096119472847","0.05827244282095485","0.03912685713739306","0.27126767289378784","0.37919201068536634","0.2764777368699013","0.8761006071106154","1.8439600528295668","0.8761006071106154","0.9982164617259334","0.8895693262418111","0.9060178359349569","0.8975172738234202"