"Model","word_count","token_count","bleu_1","bleu_2","bleu_3","bleu_4","rouge_l_precision","rouge_l_recall","rouge_l_f1","lexical_diversity","length_ratio","distinct_1","distinct_2","bert_precision","bert_recall","bert_f1"
"DeepSeek","34.1","34.1","0.0885906738589172","0.03472608194276956","0.019099523880768625","0.009697532982484163","0.3518511814789222","0.3013114483639309","0.2508109801535416","0.9463455812060463","1.4792725169807075","0.9463455812060463","1.0","0.8776006480058034","0.8815495749314626","0.879383252064387"
"Flash","49.833333333333336","49.833333333333336","0.1319891172571126","0.04265142786646277","0.016617043387770446","0.010422619921209702","0.2200635903514896","0.30880861027093603","0.20727587584027612","0.8764918641737395","1.9349419778983152","0.8764918641737395","1.0","0.8779580076535543","0.885851381222407","0.8816788355509441"
"Gemini","32.03333333333333","32.03333333333333","0.13979703765140553","0.048157605223122055","0.022768533739365323","0.01424358988593969","0.2744239073543697","0.2778993280800772","0.23649671615290097","0.9063730316919271","1.2563156284766104","0.9063730316919271","1.0","0.8942043483257294","0.8876120209693908","0.8907346248626709"
"Qwen","50.46666666666667","50.46666666666667","0.17333342794353654","0.07696268388413494","0.03733711836762852","0.020602703118582","0.25373892998314446","0.3611276159827989","0.2606941973886738","0.8879379542230769","1.7762532744150736","0.8879379542230769","0.9984193789749346","0.8867944280306498","0.9001649995644887","0.8932426591714223"